<?xml version="1.0" encoding="utf-8"?>
<manifest xmlns:android="http://schemas.android.com/apk/res/android" xmlns:tools="http://schemas.android.com/tools">
  <application>
    <activity android:name="com.unity3d.player.UnityPlayerActivity" android:theme="@style/UnityThemeSelector">
      <intent-filter>
        <action android:name="android.intent.action.MAIN" />
        <category android:name="android.intent.category.LAUNCHER" />
      </intent-filter>
	  <meta-data android:name="unityplayer.UnityActivity" android:value="true" />
	  <intent-filter>
        <action android:name="android.intent.action.VIEW" />
        <category android:name="android.intent.category.DEFAULT" />
        <category android:name="android.intent.category.BROWSABLE" />
        <data android:scheme="simple.oauth" />
      </intent-filter>	  
    </activity>
  </application>
</manifest>